Date,vol,Returns
2014-01-17,0.0039237235276288,-0.0100039310645189
2014-01-21,0.0037588739280937,-0.0046511711757308
2014-01-22,0.0035496737445438,0.0085106896679088
2014-01-23,0.0033159576318941,-0.0147460956851927
2014-01-24,0.0032424141620664,-0.0341981635612065
2014-01-27,0.0033487275196235,-0.0130295002903337
2014-01-28,0.0032321835487426,0.025092372739609
2014-01-29,0.0030531920318612,-0.0136823060015779
2014-01-30,0.0036720076655288,0.0104797412147033
2014-01-31,0.0044984604039741,-0.0080515732875486
2014-02-03,0.0042941979315964,-0.025379995105357
2014-02-04,0.0048137457720237,0.0115417604401713
2014-02-05,0.006202790108462,-0.0041067819526533
2014-02-06,0.0056240041996612,0.0187530974698926
2014-02-07,0.0050980807573626,0.0160259840158443
2014-02-10,0.0048496528460529,0.0063391654437356
2014-02-11,0.0044367376665394,0.0078678612006137
2014-02-12,0.0043820878015572,0.0015661710327448
2014-02-13,0.0041841642080076,0.0147575493789638
2014-02-14,0.004605832287289,0.0053825581701542
2014-02-18,0.0042990993547967,0.0129525620357271
2014-02-19,0.0039696888536206,-0.0106545908981034
2014-02-20,0.0041062507115373,0.0068623982610404
2014-02-21,0.0041600952781448,0.0022770408320519
2014-02-24,0.0038938938266378,0.0202633574873585
2014-02-25,0.0036596302406517,-0.0022313136814356
2014-02-26,0.0034068895778191,0.0125787822068601
2014-02-27,0.0033661415866004,0.0160470255975174
2014-02-28,0.0049585598015619,0.0014461318499997
2014-03-03,0.0045681371286464,-0.0130910960468794
2014-03-04,0.0041789276087903,0.0317029432414785
2014-03-05,0.0038557455764138,0.0056577237198588
2014-03-06,0.0038632828663333,0.0167836107528215
2014-03-07,0.00362587855385,0.0
2014-03-10,0.0041574240032265,-0.0034734317658694
2014-03-11,0.0039644280094941,-0.0154280760016868
2014-03-12,0.0048504113107904,-0.0007069636208198
2014-03-13,0.0047831822481532,-0.0214447102789032
2014-03-14,0.0051862209282446,-0.0065241260769432
2014-03-17,0.0047377371439783,0.0137235812197974
2014-03-18,0.0046695240160544,0.0114123920517447
2014-03-19,0.004618642779838,-0.010695289116748
2014-03-20,0.0054642352667584,-0.002871502332023
2014-03-21,0.0061213181896934,-0.0166730937409472
2014-03-24,0.0058830771607348,-0.0095483648686944
2014-03-25,0.005314966428146,-0.000738279841581
2014-03-26,0.0048210156206182,-0.0141318826378703
2014-03-27,0.0049212991709707,-0.0045045121211046
2014-03-28,0.0044964463025578,0.0119672333226941
2014-03-31,0.0041287207621797,0.0037105793965357
2014-04-01,0.0038050927175493,0.0168935343354958
2014-04-02,0.0035407946850693,0.0079797304096438
2014-04-03,0.0042674426964128,-0.0101671173554443
2014-04-04,0.0039517949904057,-0.0161887273499181
2014-04-07,0.0037777399535319,-0.0194762710606206
2014-04-08,0.0038637810433239,0.0
2014-04-09,0.003974618448778,0.0187341559987323
2014-04-10,0.0039242506487594,-0.0210060236930495
2014-04-11,0.0039057909851997,-0.0175912758050945
2014-04-14,0.0049961386575831,-0.0139862419747399
2014-04-15,0.004819470980114,-0.0007827789049408
2014-04-16,0.0044097015440568,0.0178506874170888
2014-04-17,0.0042248737643453,0.0038387763071656
2014-04-21,0.0044115327517902,0.0099123953056587
2014-04-22,0.0042994295615122,0.0165541778825045
2014-04-23,0.0042867160867143,-0.0052375727662484
2014-04-24,0.0041393224737461,-0.0037579901423295
2014-04-25,0.0039882024670543,-0.0113594557335828
2014-04-28,0.0037057305598583,-0.0176723769470783
2014-04-29,0.0034584068893242,0.0061823999083175
2014-04-30,0.0032702478792282,0.0007701194065642
2014-05-01,0.0031790942738106,0.0
2014-05-02,0.0030475049226532,0.0030745604542456
2014-05-05,0.0029550047196868,0.0
2014-05-06,0.0028844382184176,-0.0046153928084011
2014-05-07,0.0027632942289486,-0.0178923481843352
2014-05-08,0.0026643820677209,-0.0150259845662243
2014-05-09,0.0037969367237487,0.0079365495957363
2014-05-12,0.0035573725259576,0.0211192831809264
2014-05-13,0.0034934475154618,-0.0031007776782481
2014-05-14,0.003585748302355,-0.0038895420486625
2014-05-15,0.0033808941711212,-0.0141289634540157
2014-05-16,0.0034369382151797,-0.0015822788111294
2014-05-19,0.0033152896290921,0.006314148838963
2014-05-20,0.00320283260718,-0.0071062280882956
2014-05-21,0.0030350625773467,0.0157235943794568
2014-05-22,0.0033379963057706,0.0131733791899841
2014-05-23,0.0031387900014796,0.0076687492393003
2014-05-27,0.0032321251815978,0.0083682496705165
2014-05-28,0.0030943348891129,0.0030257209165371
2014-05-29,0.0032298528602345,0.004521484718846
2014-05-30,0.0031585161423508,-0.0007521625025542
2014-06-02,0.0031378233043717,0.0007521625025543
2014-06-03,0.0032398081713502,-0.0060332008041678
2014-06-04,0.0031383350425304,0.002266718008691
2014-06-05,0.0029753262293135,0.0112571545246344
2014-06-06,0.0028388695845644,0.0066939632627988
2014-06-09,0.0027500258318789,0.0103245754887767
2014-06-10,0.0026638366408549,-0.0044117718616635
2014-06-11,0.0025913644793731,0.0
2014-06-12,0.0026171085893881,0.0029433428165969
2014-06-13,0.0027379838451632,0.0065910161707045
2014-06-16,0.0028737894019194,0.0050964799064843
2014-06-17,0.002878246363064,0.0093965273960826
2014-06-18,0.0029433125341123,0.0085960414697978
2014-06-19,0.003838303624592,-0.0042887842722174
2014-06-20,0.0042970555458184,0.000716075934644
2014-06-23,0.0039783699634937,-0.009349223079347
2014-06-24,0.0036932203391371,-0.0101671173554443
2014-06-25,0.0043933206218136,0.0058224327514332
2014-06-26,0.0045478467119874,0.0028985527540114
2014-06-27,0.0041638514561463,0.0050523384267284
2014-06-30,0.0038433284653593,0.0035932485661252
2014-07-01,0.0036018268618482,0.0042949242828808
2014-07-02,0.003555496006433,-0.0021451563463881
2014-07-03,0.0033356134570726,0.0071326978574272
2014-07-07,0.0031363506104198,-0.0164819209367741
2014-07-08,0.0029746704715364,-0.0211764028638135
2014-07-09,0.003403387306883,0.0022115748048401
2014-07-10,0.0032306655123242,-0.0103627870355466
2014-07-11,0.003048380784764,-0.0022346378014162
2014-07-14,0.002929221156457,0.0066889881507964
2014-07-15,0.0029006731074444,-0.0037105793965357
2014-07-16,0.002790549937692,0.0037105793965357
2014-07-17,0.0027044238407708,-0.0156778127192299
2014-07-18,0.0031278067270084,0.0127104514914278
2014-07-21,0.003155161116169,0.0
2014-07-22,0.003036347958789,0.0081391496301959
2014-07-23,0.0029203716384292,-0.0022132063626488
2014-07-24,0.0028706877075566,-0.0014781968693108
2014-07-25,0.0028090968811941,-0.0007399186427105
2014-07-28,0.0028620413766775,-0.0044510459242594
2014-07-29,0.0031048641325557,-0.0067139379393484
2014-07-30,0.0029442831313325,-0.0037495357014793
2014-07-31,0.0029453220685856,-0.0289654396232542
2014-08-01,0.0032944547608585,-0.0038744721075585
2014-08-04,0.0031764945280923,0.0085041100063004
2014-08-05,0.0030190817491585,-0.0085041100063005
2014-08-06,0.0048215366774704,0.0007760962748884
2014-08-07,0.004765517648749,0.0
2014-08-08,0.0043478451276077,0.0084975405104407
2014-08-11,0.0051924633027698,0.0145096092676863
2014-08-12,0.0051521612045355,-0.0053211832132802
2014-08-13,0.004764932244187,0.0121213605323448
2014-08-14,0.0043782583401954,0.0030075210639553
2014-08-15,0.0040259512937199,-0.0045146803545266
2014-08-18,0.0037320809565999,0.0105027221991492
2014-08-19,0.0034678995929662,0.0081754450152418
2014-08-20,0.0034357065778437,0.0051679701584425
2014-08-21,0.0032258848053178,-0.0029498546464212
2014-08-22,0.0031594256674959,-0.0007388253014322
2014-08-25,0.0031256035905575,0.0139451801150426
2014-08-26,0.0030007547602311,0.0014566644964641
2014-08-27,0.003233373144041,0.0021810259463601
2014-08-28,0.0030505163541624,-0.0050964799064843
2014-08-29,0.0029003391376688,0.0029154539601241
2014-09-02,0.0029757783873309,0.0014545457109943
2014-09-03,0.0029042341468603,0.0072411612565594
2014-09-04,0.0028776234096298,0.0014419613169014
2014-09-05,0.0027584306049721,0.0021590508566929
2014-09-08,0.0031071588172812,-0.004322773302004
2014-09-09,0.0045385619769404,-0.012350320438943
2014-09-10,0.0042269729310044,0.0101819061451195
2014-09-11,0.004682166939911,-0.0007238509183231
2014-09-12,0.0042977547916135,-0.0065383451234616
2014-09-15,0.0040126489202483,-0.0154244703256317
2014-09-16,0.0037426172478313,-0.0059391414369612
2014-09-17,0.0035047049091268,0.0
2014-09-18,0.0047736884709811,0.0037160949490148
2014-09-19,0.0046418316699195,-0.0052064081905738
2014-09-22,0.0042651326540271,-0.012758146784725
2014-09-23,0.0039780779565435,-0.0068207918850885
2014-09-24,0.0038339347482808,0.0098373854245141
2014-09-25,0.0036460787728511,-0.0159396164121571
2014-09-26,0.0036411501982384,0.0068623982610404
2014-09-29,0.0034390904865116,-0.0091603693986642
2014-09-30,0.0032470986275133,-0.0107942451308804
2014-10-01,0.0033919316141019,-0.0156253179030808
2014-10-02,0.0034126450704506,-0.0015760444554656
2014-10-03,0.0035410784575126,0.0039354635602352
2014-10-06,0.0033139448948349,-0.0142407469915222
2014-10-07,0.0031444020075349,-0.0193087253814307
2014-10-08,0.0039200676149243,0.0145163839411242
2014-10-09,0.0039347582118756,-0.0375247941508988
2014-10-10,0.0040952768474664,-0.0261067458377208
2014-10-13,0.0060638916170924,-0.0137459209046351
2014-10-14,0.0055865156777485,0.0086133176781149
2014-10-15,0.0053480273703624,0.0059854817430378
2014-10-16,0.0056699619985265,0.0017035779247838
2014-10-17,0.0051290666244346,0.0118444701125224
2014-10-20,0.0047428316634879,0.0108742184043708
2014-10-21,0.0043406960117538,0.0230273332713104
2014-10-22,0.0042366754549784,-0.0180480698717029
2014-10-23,0.0054164320450123,0.0115227612367804
2014-10-24,0.0057341343435871,0.0
2014-10-27,0.005528866668909,-0.0115227612367803
2014-10-28,0.0050884455419967,0.0245310747497811
2014-10-29,0.0046984632739615,-0.0032362487792084
2014-10-30,0.004354926761919,0.0040436771638094
2014-10-31,0.0040864770130678,0.0152185556312433
2014-11-03,0.0037680082521256,-0.006379606964039
2014-11-04,0.003542414677395,-0.0072260450917395
2014-11-05,0.0033113552782017,-0.0056565807392741
2014-11-06,0.0031409639943412,-0.0114100667380308
2014-11-07,0.0034285996756056,0.0089759884571513
2014-11-10,0.0032346309983013,-0.0073379864529129
2014-11-11,0.0039446741241135,-0.0016380020042384
2014-11-12,0.0036578007218461,-0.0032840752011898
2014-11-13,0.0034956885802976,-0.0057732119113196
2014-11-14,0.0032751884750904,0.004127121004651
2014-11-17,0.003162939772233,-0.0049545931246833
2014-11-18,0.0030163457749011,0.0115227612367804
2014-11-19,0.00287153522276,-0.0032786914616983
2014-11-20,0.0028016628472456,0.0089906612961925
2014-11-21,0.0027771815790308,0.0072963436785067
2014-11-24,0.0027394540576563,0.006441246102857
2014-11-25,0.0027580658051049,-0.0008028904485906
2014-11-26,0.0026628307384429,0.0040080213975388
2014-11-28,0.0026137119173755,-0.0308716636670871
2014-12-01,0.0025436332472655,-0.0259103504318974
2014-12-02,0.0035887989126029,0.0008463817686811
2014-12-03,0.0039407087330937,0.0059046987247383
2014-12-04,0.0036975531934757,-0.0025263171331111
2014-12-05,0.0034387846386695,0.0033670065479044
2014-12-08,0.0033388346218275,-0.0203742191951374
2014-12-09,0.0032875877937451,0.0025695945616307
2014-12-10,0.0031236938889858,-0.0137814412030094
2014-12-11,0.0045650289527381,0.0025985289632639
2014-12-12,0.0042984538230821,-0.0121846590163673
2014-12-15,0.003991290220944,-0.014998075577435
2014-12-16,0.0037328128118948,-0.0089286307443013
2014-12-17,0.0036210134266257,0.0168968003934782
2014-12-18,0.0035537763412708,0.0166160359813615
2014-12-19,0.0033681139037049,-0.0017361115471763
2014-12-22,0.0033180701218302,0.0034692142340113
2014-12-23,0.0035505296271293,-0.0008661758878491
2014-12-24,0.0039557360386662,0.0069084903438116
2014-12-26,0.0041675866314522,0.0085690327251015
2014-12-29,0.0047948630101335,-0.0111541267972063
2014-12-30,0.0063148889678728,-0.0060580020839151
2014-12-31,0.0057256484800972,0.0
2015-01-02,0.0052149194014039,0.0043308859378401
2015-01-05,0.0055345457891045,-0.0191977972781735
2015-01-06,0.0050980962971104,-0.0088496152769825
2015-01-07,0.0046573159988451,0.0053191614776
2015-01-08,0.0049729482058924,0.0166597452411752
2015-01-09,0.0047336980828198,0.0
2015-01-12,0.0044901018791376,-0.0104896066710194
2015-01-13,0.0047808541734503,0.0035087755296792
2015-01-14,0.0044447627408137,0.0
2015-01-15,0.0048754899965904,-0.0176683041333138
2015-01-16,0.0044660296791062,0.0035587226169939
2015-01-20,0.0042951103478962,0.0
2015-01-21,0.0044073530897071,0.0061974523283707
2015-01-22,0.0040504526951747,0.0087874027668042
2015-01-23,0.0039755292336391,-0.0070237338793075
2015-01-26,0.0043588611157443,0.0243702226031613
2015-01-27,0.0041794048382714,-0.0043084943857239
2015-01-28,0.0038489293776727,-0.0156661167443993
2015-01-29,0.0039919298879645,0.0069930354909706
2015-01-30,0.0044051369593838,-0.0158036651731254
2015-02-02,0.00594879087282,0.0210165353616585
2015-02-03,0.0062094656083042,0.0265086065011866
2015-02-04,0.0055965981893551,-0.004228336109521
2015-02-05,0.0060714378441356,0.0025391465186762
2015-02-06,0.006009439678831,-0.0084890153249113
2015-02-09,0.0055338888289686,0.0017035779247838
2015-02-10,0.0050169592027667,0.0076303888656917
2015-02-11,0.0047131192016097,-0.0084818150559092
2015-02-12,0.004474447741174,0.0152158472372532
2015-02-13,0.0040995638943171,0.0058553074022191
2015-02-17,0.0037789410689235,0.007478223467246
2015-02-18,0.0039955353707255,0.0024803650583319
2015-02-19,0.0037952991303869,-0.0074596284579393
2015-02-20,0.0039011250439418,0.0066335234956338
2015-02-23,0.0039802956027244,-0.0058019226161079
2015-02-24,0.0042688721785938,0.0148517581360259
2015-02-25,0.0041059646016447,0.004086642385452
2015-02-26,0.003960610667511,-0.0008159935173293
2015-02-27,0.0036840201362778,0.0008159935173293
2015-03-02,0.0035397704456851,0.0097403367483848
2015-03-03,0.0037386347889082,-0.0064830048780782
2015-03-04,0.0038196399576293,0.0
2015-03-05,0.0036718227636677,0.0209178986616806
2015-03-06,0.003552564556192,-0.0096000737290193
2015-03-09,0.003425769331925,-0.0040273916699822
2015-03-10,0.0034662228008396,-0.0203839100096988
2015-03-11,0.0033464932805348,0.0
2015-03-12,0.0033013136789041,0.0090201513593837
2015-03-13,0.0031237380814471,-0.007374060452715
2015-03-16,0.0029944656101178,0.0032840752011897
2015-03-17,0.0031127349556762,0.0089759884571513
2015-03-18,0.0029905075549536,0.0224909078598936
2015-03-19,0.0045771705854858,-0.0079745239187694
2015-03-20,0.0051445670605645,0.0143086701955613
2015-03-23,0.0046811375830982,0.0047244182362674
2015-03-24,0.0043088953516546,0.0007852375747021
2015-03-25,0.0039596720842111,-0.0126383988717227
2015-03-26,0.0037141364418672,-0.0144117786613033
2015-03-27,0.0037963992960425,0.0064308903302903
2015-03-30,0.0035351386543413,0.0111554941717854
2015-03-31,0.0033111030179858,-0.0047656960730143
2015-04-01,0.003129188284767,0.0071400541334765
2015-04-02,0.0029651115273073,0.0164645036359439
2015-04-06,0.0035740706684723,0.0115965737149406
2015-04-07,0.0035232658285825,0.0
2015-04-08,0.003450731304559,0.0137406742048092
2015-04-09,0.0032377823218094,0.0075529059959306
2015-04-10,0.0031122002609028,0.0030052614654635
2015-04-13,0.0029860964130592,0.0022480339178823
2015-04-14,0.003391814081019,-0.0029985029962565
2015-04-15,0.0033686106871243,0.0059880418446226
2015-04-16,0.0036154423182629,0.0059523985272953
2015-04-17,0.0033877428081355,-0.0232655897289712
2015-04-20,0.0050483824436059,0.0007590133191715
2015-04-21,0.0046312377008951,0.0037864490525032
2015-04-22,0.0042795430097503,0.0105264129869873
2015-04-23,0.0042391419468231,0.0037327404296839
2015-04-24,0.0039571828646822,-0.0029850768434532
2015-04-27,0.003658380576911,0.0059612695164994
2015-04-28,0.0037427106722893,0.0059259432675471
2015-04-29,0.0036816824626507,-0.0133830993756291
2015-04-30,0.0035767948344762,-0.0112910495742655
2015-05-01,0.0036069181186714,0.0097929219532435
2015-05-04,0.004263967134712,0.0067239700476685
2015-05-05,0.0039604201244189,-0.014248460026284
2015-05-06,0.0038732279300695,-0.0075815374523976
2015-05-07,0.0048766444004014,0.002280502698725
2015-05-08,0.0054398854152459,0.0225234746670829
2015-05-11,0.0049412908708989,0.0014836797973919
2015-05-12,0.0045003315767857,-0.0007415647355034
2015-05-13,0.0045025827952722,0.0037023366985355
2015-05-14,0.0046842830392381,0.0110254700117078
2015-05-15,0.0050048269238649,0.004376374599799
2015-05-18,0.0045686137734092,-0.0029154539601241
2015-05-19,0.0042639242947572,-0.0036563112031104
2015-05-20,0.0039250318271959,-0.0073529743052588
2015-05-21,0.0037282620530845,0.0080853068169339
2015-05-22,0.0036431441545794,0.0043827681550951
2015-05-26,0.0037850187218455,-0.0102565001671891
2015-05-27,0.0036003497908563,0.0095273714436729
2015-05-28,0.0035438516214069,-0.0043859719432543
2015-05-29,0.0033298852813708,0.0
2015-06-01,0.0031778486172521,-0.0044052934679163
2015-06-02,0.003722541244214,0.0007355645789539
2015-06-03,0.0034683576704519,0.0022034529664349
2015-06-04,0.0033521080627332,-0.0088430937363338
2015-06-05,0.0031610844498827,-0.0081754450152418
2015-06-08,0.0030487162761343,-0.0007465472537845
2015-06-09,0.0035186514322192,-0.0218959294959753
2015-06-10,0.0035893101214458,0.0151518050206022
2015-06-11,0.0033487651067561,0.0037523496185503
2015-06-12,0.0031845440669934,-0.0030007524392382
2015-06-15,0.0030856188465491,-0.0105741166518305
2015-06-16,0.002932622084587,-0.0030418274404847
2015-06-17,0.0029550079747636,0.0113594557335829
2015-06-18,0.0033966710348399,0.0060060240602119
2015-06-19,0.0031890893931227,-0.0090226175996374
2015-06-22,0.0030400159886012,0.0030165935394255
2015-06-23,0.0045555322731016,0.0082490156547933
2015-06-24,0.0043390533894558,-0.0059925272960608
2015-06-25,0.003991887969994,-0.0045180799747891
2015-06-26,0.0037582368700652,-0.0106222546566227
2015-06-29,0.0034913681306895,-0.0341383034425607
2015-06-30,0.0032656350709471,0.0039385635789284
2015-07-01,0.0042963203938035,0.0047058910374124
2015-07-02,0.0039518522475331,-0.0031347988053713
2015-07-06,0.0039514980615924,-0.0351473877656454
2015-07-07,0.0038786783935645,-0.0098040000966209
2015-07-08,0.0036299116474045,-0.0376455996163667
2015-07-09,0.0038587766781091,0.0210889300219193
2015-07-10,0.0082010702466405,0.0320355937170931
2015-07-13,0.0087569356345662,0.0112541380744233
2015-07-14,0.007929817459088,0.0023952107259548
2015-07-15,0.0072960949588931,-0.0193242728264027
2015-07-16,0.007420617687604,0.0137264973135733
2015-07-17,0.0066515421640772,0.0
2015-07-20,0.0060498896208825,0.0024028846163103
2015-07-21,0.005463092159818,-0.0080321716972642
2015-07-22,0.0049746895722269,-0.0064725145056174
2015-07-23,0.0045761726052855,-0.0048820275973084
2015-07-24,0.0043959914982124,-0.0172772705714012
2015-07-27,0.0044780944391996,-0.0209651284650449
2015-07-28,0.0041205396894151,0.0126317469059005
2015-07-29,0.0038676254701582,0.0165978914090378
2015-07-30,0.0045492492701688,-0.0082645098498934
2015-07-31,0.0041657182070959,-0.0058260672493606
2015-08-03,0.0046246963126929,-0.0117549632314437
2015-08-04,0.0044655447267709,-0.0059297081836742
2015-08-05,0.0041229515862721,0.0084602873493911
2015-08-06,0.0040622757127499,-0.0118645459561924
2015-08-07,0.00392446800632,-0.008561696134811
2015-08-10,0.0036343701773463,0.0178956629252864
2015-08-11,0.004195661471788,-0.0204785313435406
2015-08-12,0.0040304387097859,0.0008616975974811
2015-08-13,0.0041514396663641,0.0008609557139649
2015-08-14,0.0048024861993542,0.0008602151068079
2015-08-17,0.0043861619512358,0.0034334797678915
2015-08-18,0.0040362301639607,-0.012069112017497
2015-08-19,0.0037251858899765,-0.0157345903535559
2015-08-20,0.0034651196397573,-0.0441314294216223
2015-08-21,0.0055830550690371,-0.0318081071962256
2015-08-24,0.0050893397741719,-0.0260005017251465
2015-08-25,0.0080997557340653,-0.001953125620882
2015-08-26,0.0145364341183192,0.0193616890491459
2015-08-27,0.0129095132598444,0.0264916154469765
2015-08-28,0.0115310127607581,0.0083682496705165
2015-08-31,0.0102928290952917,-0.001853568649323
2015-09-01,0.0094146215353041,-0.0301341068440741
2015-09-02,0.0100335951551992,0.0123517009765381
2015-09-03,0.0092857377154155,0.0075259057003469
2015-09-04,0.0082906712080679,-0.0141578580040982
2015-09-08,0.0074459752295262,0.0318081071962254
2015-09-09,0.0067806673081219,-0.00276625349289
2015-09-10,0.0060998222814332,0.0119322205069703
2015-09-11,0.0068601897819903,0.0
2015-09-14,0.0062461709957527,-0.0073260400920728
2015-09-15,0.0057684051540549,0.0145987994211526
2015-09-16,0.0060646245855956,0.0099144570571786
2015-09-17,0.0057483523022156,0.0133632278121671
2015-09-18,0.0069339910397589,-0.0241838924528838
2015-09-21,0.0075000371998555,-0.0009070295406426
2015-09-22,0.0067422128992222,-0.02387624899113
2015-09-23,0.007254736924899,-0.0102756625782041
2015-09-24,0.0065096367087309,-0.0132327072665744
2015-09-25,0.0060489366243862,0.0028503582243563
2015-09-28,0.0054967160784552,-0.0210937830597994
2015-09-29,0.005908408315345,0.0009685230781305
2015-09-30,0.0054454966641786,0.0248578764817678
2015-10-01,0.0049460098443169,-0.0009447331831617
2015-10-02,0.0046605194218957,0.026120888075636
2015-10-05,0.0045413501981866,0.0290401532211636
2015-10-06,0.0050517351239956,-0.0008948546458437
2015-10-07,0.0045988905874647,0.0203817423193405
2015-10-08,0.0042049442115861,0.0122059056795035
2015-10-09,0.0044871546721929,0.0051858370323654
2015-10-12,0.0041300454469741,-0.0077888753785276
2015-10-13,0.003996208175729,-0.0157621476938763
2015-10-14,0.0040453922228286,0.0140230168207494
2015-10-15,0.0039359878844738,0.0189660857489616
2015-10-16,0.003809411682372,-0.0068552110790529
2015-10-19,0.0036948579728704,-0.001721170820773
2015-10-20,0.0035212583706995,0.0025806465934917
2015-10-21,0.0033685464947073,-0.0112312195695005
2015-10-22,0.0040840283166541,0.0112312195695004
2015-10-23,0.0043163326058762,0.0034305350967892
2015-10-26,0.005211450171514,-0.0077353200484206
2015-10-27,0.0056609601402568,-0.015652493477676
2015-10-28,0.0053758389962212,0.0104621704069832
2015-10-29,0.0055092289622044,0.0
2015-10-30,0.0058271625787944,-0.0095861300531034
2015-11-02,0.0055041390832431,0.013049336977721
2015-11-03,0.0052260156872704,0.0051724253249879
2015-11-04,0.0052512858788465,-0.0077687054506197
2015-11-05,0.0053443989970893,-0.0008669267989858
2015-11-06,0.0048793234999933,0.0043271378638814
2015-11-09,0.0049548333633939,-0.0200617282174375
2015-11-10,0.0055683776776715,-0.0115198438328613
2015-11-11,0.0050410478582938,-0.0080537348070968
2015-11-12,0.0047168108070071,-0.011748892489083
2015-11-13,0.0043760507981028,-0.0118885716652524
2015-11-16,0.0046680492766717,0.0227385876893182
2015-11-17,0.0056257867505664,-0.0135810145352973
2015-11-18,0.0051962369137979,0.0162752236189888
2015-11-19,0.0047417717183521,0.0044742803949211
2015-11-20,0.0043525784601285,0.0044543503493803
2015-11-23,0.0040187899883918,-0.0026702285558788
2015-11-24,0.0037762092104049,0.0053333459753623
2015-11-25,0.0038282835335291,-0.0008869180182278
2015-11-27,0.0035917533569564,-0.0026654835861398
2015-11-30,0.0035968751209441,0.0035524016043677
2015-12-01,0.0033625922409181,0.0149584839303358
2015-12-02,0.0031848189348801,-0.0026235257723844
2015-12-03,0.0030784086820304,-0.0026304267687732
2015-12-04,0.0033818836378668,0.0052539525411577
2015-12-07,0.0033109867679567,-0.0131870042819536
2015-12-08,0.0034055233476703,-0.0133632278121671
2015-12-09,0.0032536464669345,-0.0008972634069897
2015-12-10,0.0042710724778997,-0.0108304307743696
2015-12-11,0.004887233255678,-0.0304030786878145
2015-12-14,0.0054618984949136,0.0157775894688355
2015-12-15,0.0051793045846077,0.0128089582925812
2015-12-16,0.0047327079824331,0.0348405046607201
2015-12-17,0.0048547586957205,-0.0008783487609058
2015-12-18,0.0044989061048505,-0.0097131006465
2015-12-21,0.0041363605530912,0.0079540852413203
2015-12-22,0.0044076127846042,0.0
2015-12-23,0.0041747239878797,0.0122486220761992
2015-12-24,0.0044146353603661,0.0008691873645869
2015-12-28,0.0040592892116944,-0.0061002367821394
2015-12-29,0.0037742627197628,0.0034904049397685
2015-12-30,0.0035219867519233,-0.0052401866635562
2015-12-31,0.0035852315314021,0.0
2016-01-04,0.0034772625285547,-0.0167774354775123
2016-01-05,0.0035820651236072,0.0008900757151931
2016-01-06,0.0033548295592161,-0.0197670407407766
2016-01-07,0.003951699226422,-0.0360316113709117
2016-01-08,0.0036643498620384,-0.0066069140757411
2016-01-11,0.0036363126734695,-0.0171924005403727
2016-01-12,0.0033954708996082,0.0
2016-01-13,0.0031878293877982,-0.0243795594771505
2016-01-14,0.0037186648587773,0.0185824417928247
2016-01-15,0.0055181325209514,-0.0395308387566353
2016-01-19,0.0054163258365272,-0.0101317989304068
2016-01-20,0.0091207755214082,-0.0122952368570374
2016-01-21,0.0092396238872486,-0.0030975760441341
2016-01-22,0.0085163134017199,0.0325562831952592
2016-01-25,0.0076122762396323,-0.0171634702940875
2016-01-26,0.008172451723143,0.0181639706276711
2016-01-27,0.0089998054713066,-0.0140989243795016
2016-01-28,0.0087286708483561,0.0030379770200768
2016-01-29,0.0078970961235996,0.0259495598531755
2016-02-01,0.0071695423281759,-0.0009857073247591
2016-02-02,0.0072378239653878,-0.026988144717647
2016-02-03,0.0079018768557161,0.0090772181511169
2016-02-04,0.0081837893679714,0.0030075210639553
2016-02-05,0.0079506373393716,-0.0243173076507063
2016-02-08,0.0071312449740924,-0.0386875219916224
2016-02-09,0.007332146621726,0.0063762171392758
2016-02-10,0.0074119198714246,-0.0031830265601209
2016-02-11,0.0067033603783569,-0.0149895740195244
2016-02-12,0.0070323832216644,0.004305711711212
2016-02-16,0.006312574298747,0.0317151316932253
2016-02-17,0.0056861200121986,0.0236514880819609
2016-02-18,0.0054583156894244,0.009104766992919
2016-02-19,0.0050828629610915,-0.0080890228730837
2016-02-22,0.0046710247573919,0.0201011793210873
2016-02-23,0.0043503320259531,-0.016048488870464
2016-02-24,0.0042737872528102,0.0
2016-02-25,0.004100039819944,0.0120604476925084
2016-02-26,0.0037910443707085,0.0019960086467148
2016-02-29,0.0039726324960493,0.0099207162867479
2016-03-01,0.005418149066423,0.0137257056798748
2016-03-02,0.0049290871196278,0.0058252591910804
2016-03-03,0.0045311390398346,0.0038647391098886
2016-03-04,0.0041518799466204,0.0124582349220418
2016-03-07,0.0039848782516175,0.001902950146086
2016-03-08,0.0039213471038009,-0.0066762288987438
2016-03-09,0.0056386155556886,0.0038204439973859
2016-03-10,0.0052326334396892,-0.0076555397813283
2016-03-11,0.0055216302937004,0.0265418424100762
2016-03-14,0.0057754126508092,-0.0037488328815196
2016-03-15,0.0052281842576452,-0.0151374697472283
2016-03-16,0.0051043204412236,0.0132577699456507
2016-03-17,0.0071122254746884,0.0112255622198151
2016-03-18,0.0079127797951929,0.0074143064392274
2016-03-21,0.0071339284274544,0.0036866401202187
2016-03-22,0.0073400649404168,-0.0018416211466494
2016-03-23,0.0065928311733965,-0.0167290146728065
2016-03-24,0.0063766463692831,-0.0094162654315157
2016-03-28,0.0058685314048855,0.000945626548007
2016-03-29,0.0053753985886063,0.0094074071018953
2016-03-30,0.0049184486997573,0.0176338676010691
2016-03-31,0.0045898797679837,-0.0027637051216178
2016-04-01,0.0042476086204803,-0.003696861881326
2016-04-04,0.0040589909555064,-0.0027816429618769
2016-04-05,0.0037514944054623,-0.011204599012863
2016-04-06,0.0035565543915686,0.0065512634872217
2016-04-07,0.0034714789631361,-0.0159852957205803
2016-04-08,0.0048923157980525,0.0075543324317811
2016-04-11,0.0045833147512968,0.0121553623797816
2016-04-12,0.0054985123223418,0.0064845062792609
2016-04-13,0.0051494665749049,0.0192049798360498
2016-04-14,0.0047125425169296,-0.0027210901143606
2016-04-15,0.004308134678509,-0.0082079804178296
2016-04-18,0.004871505544681,0.0109290705321902
2016-04-19,0.0054276685042568,0.0081191244385044
2016-04-20,0.0049268788241236,-0.002699056969165
2016-04-21,0.0045095816832123,-0.00723330459352
2016-04-22,0.0049445902291493,0.0009070295406426
2016-04-25,0.0046364847136612,-0.0091075310769638
2016-04-26,0.0045069642685325,0.0136303791306906
2016-04-27,0.004511012890013,0.0054005531800002
2016-04-28,0.0045042323951153,-0.015377960211999
2016-04-29,0.0048411369737825,-0.0018248180246291
2016-05-02,0.0048834027171243,0.0054644944720787
2016-05-03,0.0049683592076749,-0.0220394595662913
2016-05-04,0.0045291311528901,-0.0102660724305986
2016-05-05,0.0048988907084295,-0.005644417619677
2016-05-06,0.004485121522176,0.0018850146957712
2016-05-09,0.0042549524025364,-0.0113637586503149
2016-05-10,0.0043688857376104,0.0038022859497384
2016-05-11,0.0042684231848291,0.00284225676893
2016-05-12,0.0040204558677065,0.0
2016-05-13,0.0044584100014611,-0.0142927635569254
2016-05-16,0.0047686256586573,0.0047869885572246
2016-05-17,0.0043535737381862,-0.005747142255568
2016-05-18,0.0055338743092207,-0.0048146457955405
2016-05-19,0.0050128123021347,-0.0038684767779202
2016-05-20,0.0047688779013191,0.0163386623547891
2016-05-23,0.0043725638324311,0.0151374697472284
2016-05-24,0.0056909930658926,0.0084151969252844
2016-05-25,0.0052742103087045,0.0037174764001323
2016-05-26,0.0051017619641181,0.0037037079374844
2016-05-27,0.0048223226923626,-0.0037037079374844
2016-05-31,0.0047217522723936,0.002779066170266
2016-06-01,0.0046708053109795,0.0128678246113927
2016-06-02,0.0055615034255625,-0.0018281540740625
2016-06-03,0.0050773073361472,0.0036529720986916
2016-06-06,0.0046198842140984,0.0162752236189888
2016-06-07,0.0055303107090641,-0.0017953326186742
2016-06-08,0.0058047329868952,-0.0045024839683157
2016-06-09,0.0052600874815986,-0.0072464085207671
2016-06-10,0.0047850454531636,-0.0323353806429363
2016-06-13,0.0046120513554302,-0.0189579137446141
2016-06-14,0.0047732967462761,-0.0086497415794829
2016-06-15,0.0046326943436649,0.016276089314547
2016-06-16,0.0053731553792562,-0.009542057133203
2016-06-17,0.0054783354254685,-0.002880462865354
2016-06-20,0.006100865545396,0.0171596202828262
2016-06-21,0.0058997690272965,0.0037735893836392
2016-06-22,0.0061218671519196,0.0
2016-06-23,0.0056471628380716,0.0158807634562505
2016-06-24,0.0058728107685428,-0.0601613371197073
2016-06-27,0.0056562005812618,-0.026934296515715
2016-06-28,0.007387810367537,0.0318434865419533
2016-06-29,0.0067043585093169,0.0270547902316314
2016-06-30,0.0065698291814692,0.0123165934055869
2016-07-01,0.0065374360698279,-0.0028288562004776
2016-07-05,0.0059087995666731,-0.0190663545021789
2016-07-06,0.0063629757577499,0.003842463901545
2016-07-07,0.0059463562007644,0.0076409158761787
2016-07-08,0.0053690005655615,0.011353007464997
2016-07-11,0.0049123887905522,0.0149395869161864
2016-07-12,0.0056440089529946,0.0073869218630747
2016-07-13,0.0055750998977274,-0.0083141356522669
2016-07-14,0.0058535822599521,0.014733231512984
2016-07-15,0.0055551794238445,-0.0091828009823349
2016-07-18,0.0051849625008871,0.0100964602510095
2016-07-19,0.0047155386562588,-0.0091743762760412
2016-07-20,0.0043071027462094,0.0091743762760412
2016-07-21,0.0040451356934315,-0.0045766670274117
2016-07-22,0.0042762111961931,0.0045766670274116
2016-07-25,0.0044008567564389,-0.0027434859457508
2016-07-26,0.0042526506720699,0.0036563112031104
2016-07-27,0.0039247020243531,0.0018231545615149
2016-07-28,0.003724301836321,0.0027285146532039
2016-07-29,0.0039555919008208,-0.0027285146532039
2016-08-01,0.0037383928967093,0.0027285146532039
2016-08-02,0.0039895312889076,-0.0072926485461413
2016-08-03,0.003694305677958,0.0045641338929373
2016-08-04,0.0037452880450341,0.0054496047675644
2016-08-05,0.0035919234156798,0.0063205628025894
2016-08-08,0.003396469505725,0.0035938942545892
2016-08-09,0.0035034516131514,-0.0008972634069897
2016-08-10,0.0035701598990279,-0.0162899529792684
2016-08-11,0.0034821799176949,0.0045516692147191
2016-08-12,0.0032772738076198,0.0
2016-08-15,0.0031124709711131,0.0054347959859569
2016-08-16,0.0030045595996059,0.003606856930993
2016-08-17,0.0037313497728016,-0.0063205628025893
2016-08-18,0.0034679022561518,0.01170657223216
2016-08-19,0.0034399586570506,-0.0017921151749815
2016-08-22,0.0035004256879068,-0.0044943895878393
2016-08-23,0.0035656322759832,0.0035971261808496
2016-08-24,0.0033790007264434,-0.0026966308475994
2016-08-25,0.0040284920537672,-0.0018018022892629
2016-08-26,0.0038886544910733,-0.0027088052680869
2016-08-29,0.0048310281329339,0.0009037506263566
2016-08-30,0.0059274910769754,-0.0036199134551344
2016-08-31,0.0056476970904726,0.0027161628287776
2016-09-01,0.0054825252457996,0.001806685224949
2016-09-02,0.0050974626875277,0.0116645557649309
2016-09-06,0.0048560286732344,0.0176839267899156
2016-09-07,0.0044525757611035,0.0
2016-09-08,0.0042638061077099,-0.0008768084735344
2016-09-09,0.0041607975456368,-0.0168071183163811
2016-09-12,0.0038458993101596,0.0017825316662831
2016-09-13,0.003571188014852,-0.0197848180157632
2016-09-14,0.00420312663476,-0.0018181823190585
2016-09-15,0.0039789849956793,0.0090580329467456
2016-09-16,0.0039691889423381,-0.0127043450997658
2016-09-19,0.0038642922686254,0.0108992904580358
2016-09-20,0.0037582495992017,-0.0018083187567836
2016-09-21,0.0042481057674895,0.0152674721307883
2016-09-22,0.0046506442193641,0.0097561749453646
2016-09-23,0.0046510052010588,-0.0097561749453646
2016-09-26,0.0042878482313472,-0.0116540987322747
2016-09-27,0.0041147098472751,0.005395696543852
2016-09-28,0.003884165094752,0.0044742803949211
2016-09-29,0.0039480787958965,-0.0026821652199395
2016-09-30,0.003801510534219,-0.0035874477936557
2016-10-03,0.0044741784778307,-0.0036003639251778
2016-10-04,0.0046625939867765,-0.0072398506276871
2016-10-05,0.0045074507296938,0.0144276623465207
2016-10-06,0.0049685026210672,-0.0035874477936557
2016-10-07,0.0045443458563239,-0.0126583968719234
2016-10-10,0.0042517187902681,0.0045392724334191
2016-10-11,0.0039089734709774,-0.022905261578906
2016-10-12,0.0052076362301808,0.0
2016-10-13,0.0047818278252153,0.0027764941482922
2016-10-14,0.0045247148492708,0.0018467225931647
2016-10-17,0.004235424869992,-0.0046232167414569
2016-10-18,0.0039035127185401,0.0101430099650547
2016-10-19,0.0036148616776843,0.002748512953349
2016-10-20,0.0033693195221024,-0.0027485129533491
2016-10-21,0.0032263172715285,-0.0045977092486295
2016-10-24,0.0031440583154084,-0.0018450189735692
2016-10-25,0.0032537534628465,-0.0055555698446021
2016-10-26,0.0031146174476694,-0.0027894020875785
2016-10-27,0.00307766750383,-0.0065390237670566
2016-10-28,0.0030819692545007,-0.0056391126877702
2016-10-31,0.0029801552664525,-0.0018867930125766
2016-11-01,0.003434377863943,-0.0113961347308695
2016-11-02,0.0035060457373006,-0.0095970026410096
2016-11-03,0.0033454485314087,-0.0028971531611527
2016-11-04,0.0032799638857549,-0.0009675859487358
2016-11-07,0.0034557911694238,0.0163229740319305
2016-11-08,0.0034958195670016,0.0038022859497384
2016-11-09,0.0039008026292866,-0.027899837528799
2016-11-10,0.0038232442502528,-0.011776387323825
2016-11-11,0.0065877003775328,-0.0029658944133783
2016-11-14,0.0060637848879045,0.0
2016-11-15,0.0057192499928304,0.0029658944133782
2016-11-16,0.0051848192164772,-0.0039564838950744
2016-11-17,0.0049221960622424,0.0069136077848182
2016-11-18,0.0047423362279256,-0.0039447782910164
2016-11-21,0.0043688038179708,0.0039447782910165
2016-11-22,0.0040092708922246,0.0068661378131992
2016-11-23,0.0037043977458359,0.0039024439769317
2016-11-25,0.0035931533877158,0.00872521289087
2016-11-28,0.0034131808998783,0.0009647854100989
2016-11-29,0.0032153457158513,-0.0009647854100988
2016-11-30,0.0033855103735875,-0.0019323677510539
2016-12-01,0.0032650201679255,-0.0106952891167479
2016-12-02,0.0031492088569609,0.0009770396478266
2016-12-05,0.0039135717931088,0.0087506635201854
2016-12-06,0.0036472718251733,0.0028999536997898
2016-12-07,0.0033986990493997,0.0143749480575227
2016-12-08,0.0032067492640144,-0.0038131600064141
2016-12-09,0.0032706057213801,0.0
2016-12-12,0.0030815856126631,-0.005747142255568
2016-12-13,0.0032392729836919,0.0105113246826863
2016-12-14,0.0030624979852424,-0.0105113246826862
2016-12-15,0.0033522392465806,-0.0057803629154995
2016-12-16,0.0037933116932329,-0.0038722216825094
2016-12-19,0.0038023513470405,0.0029055710514144
2016-12-20,0.0036180849458496,0.0028971531611527
2016-12-21,0.0034983842449026,0.0
2016-12-22,0.0033099876409758,-0.0048332621880191
2016-12-23,0.0031433169079118,0.0019361090268664
2016-12-27,0.0032449617512273,0.0086663999323979
2016-12-28,0.0033906249406178,-0.0048053912749383
2016-12-29,0.0032110587722938,0.0019249284095844
2016-12-30,0.0031697452517916,0.0
2017-01-03,0.0031064368661858,0.0067082187351184
2017-01-04,0.0033019619911636,0.0132829277434461
2017-01-05,0.0032981871773356,0.0065758809061569
2017-01-06,0.0031095216221495,-0.0009367682183867
2017-01-09,0.0030091686327668,-0.0075259057003469
2017-01-10,0.0028660819388768,0.0037700327405416
2017-01-11,0.0029478274094411,-0.0018832397279649
2017-01-12,0.0032633575946147,0.0
2017-01-13,0.0031340657923781,0.0018832397279648
2017-01-17,0.0030478561517544,0.0009402915596417
2017-01-18,0.0029123465091094,-0.0009402915596417
2017-01-19,0.003016277094923,-0.0047147659237033
2017-01-20,0.0028891023469166,0.0047147659237033
2017-01-23,0.0027909347439617,0.0018796998015774
2017-01-24,0.0027356708059932,0.0084151969252844
2017-01-25,0.0032439938964342,0.0083449719321806
2017-01-26,0.0030598791758666,-0.003700281742856
2017-01-27,0.0029093802348088,-0.0037140246963713
2017-01-30,0.0028552999807819,-0.0112255622198151
2017-01-31,0.0031447430969203,0.0046926411781922
2017-02-01,0.0031256825082291,0.0037383221106071
2017-02-02,0.0037288004066291,-0.0018674141747955
2017-02-03,0.0035146458995528,0.0083760378021826
2017-02-06,0.0033568154747193,-0.0083760378021827
2017-02-07,0.0033132938155318,0.0009341429917971
2017-02-08,0.0031687382459089,0.0046576702739809
2017-02-09,0.0030091918062624,0.0027842245364048
2017-02-10,0.0033155837930882,0.004623216741457
2017-02-13,0.0031199787237452,0.0073529743052587
2017-02-14,0.0029854188731393,0.0018298266770761
2017-02-15,0.0031450397544939,0.0045599714216948
2017-02-16,0.0031469193948673,0.0018181823190585
2017-02-17,0.0029829419970982,0.0018148825308225
2017-02-21,0.00284776632955,0.013507634461542
2017-02-22,0.0031942583579639,-0.0071813594086646
2017-02-23,0.0031358085416381,0.0
2017-02-24,0.0029956365951402,-0.0054200674693392
2017-02-27,0.0032661074944719,0.0036166404701885
2017-02-28,0.0030897406942085,-0.0009029345985922
2017-03-01,0.0032728672945973,0.003606856930993
2017-03-02,0.0033366466890696,-0.0072267703861275
2017-03-03,0.0036484204502324,-0.0009070295406426
2017-03-06,0.003776107053901,-0.0045475294376294
2017-03-07,0.0037815106122699,-0.0018248180246291
2017-03-08,0.0035112569786955,-0.0009136592686747
2017-03-09,0.0033415968660818,-0.003663007758737
2017-03-10,0.0031493930213893,0.002748512953349
2017-03-13,0.0029945880530152,0.0045641338929373
2017-03-14,0.0029015667449726,-0.0045641338929374
2017-03-15,0.0027874634100647,0.0136303791306906
2017-03-16,0.0046042103864079,0.0036036075032983
2017-03-17,0.0049783928635145,0.0008988764650172
2017-03-20,0.0045368568219312,0.0026917916657113
2017-03-21,0.0046552575546964,-0.0135320062185762
2017-03-22,0.0059038054146806,0.0
2017-03-23,0.0057387348490274,0.0036264772291732
2017-03-24,0.0051897060315461,0.0
2017-03-27,0.0047139978422235,0.0009045681304269
2017-03-28,0.0043037703343134,0.0063091691932647
2017-03-29,0.003955381429333,-0.002699056969165
2017-03-30,0.0036588029671768,0.0
2017-03-31,0.0034902274549594,0.0071813594086645
2017-04-03,0.0046239107651619,-0.0062808640754144
2017-04-04,0.0044101094967799,-0.0054151756877766
2017-04-05,0.0041583169134731,0.0
2017-04-06,0.0038288391413648,0.0018083187567836
2017-04-07,0.003553047066503,-0.0027137058715963
2017-04-10,0.0033209718392341,0.0054200674693393
2017-04-11,0.0033624643555336,-0.0009013069560127
2017-04-12,0.0031909370867668,0.0044984331368623
2017-04-13,0.0039348020540336,-0.0035971261808495
2017-04-17,0.003640760040878,0.0053908486348763
2017-04-18,0.0034600634446492,-0.0062921555908892
2017-04-19,0.0033135841589303,-0.0009021200431379
2017-04-20,0.0035445558264462,0.0071942756340272
2017-04-21,0.0040423502872571,-0.0026917916657114
2017-04-24,0.0037547529452731,0.0142732128741169
2017-04-25,0.0036104914254463,0.0061810351314346
2017-04-26,0.0033875051473974,-0.0008806693655936
2017-04-27,0.0031809664161519,0.0035180335316792
2017-04-28,0.0032509456672116,-0.0017574696966461
2017-05-01,0.0033025729680587,0.0043878964654196
2017-05-02,0.003326182944117,0.0026235257723844
2017-05-03,0.0031636478636036,-0.0017482521935292
2017-05-04,0.0030464112444322,-0.0026281224062694
2017-05-05,0.0030833276507942,0.0148021858051353
2017-05-08,0.0029676582994609,-0.0034632069246175
2017-05-09,0.0028766121336901,0.0051903230706926
2017-05-10,0.0027587509695471,0.0025850940721048
2017-05-11,0.0031543682414741,-0.0051768881795336
2017-05-12,0.0030828737804393,0.0
2017-05-15,0.003045569508504,0.0068965790590604
2017-05-16,0.0029537327783294,-0.0008594757727187
2017-05-17,0.0029542587818899,-0.0164719805789213
2017-05-18,0.00301523939162,0.0017467253349418
2017-05-19,0.0032287157979759,0.0112799460650668
2017-05-22,0.0031059000828164,0.0060215235706861
2017-05-23,0.0029638903821377,0.0017137964777345
2017-05-24,0.0032237963552895,0.0034188067487856
2017-05-25,0.0030841256084494,0.0017050302510837
2017-05-26,0.0031601036704526,-0.00341297259624
2017-05-30,0.0030191907730705,0.0
2017-05-31,0.0028747867784858,-0.0008550663197333
2017-06-01,0.0030292234518565,0.0068201457882083
2017-06-02,0.0032446703690427,0.0042390907057669
2017-06-05,0.0033143035257034,0.0
2017-06-06,0.0031177938920871,0.0008456660123431
2017-06-07,0.0031661484852044,0.0025327155792838
2017-06-08,0.0031692002203469,0.0067227143948767
2017-06-09,0.0029974463296151,-0.0101010959865038
2017-06-12,0.0028987848206332,-0.007643349312568
2017-06-13,0.002795894427314,0.0118645459561924
2017-06-14,0.0027513932098389,-0.0084602873493913
2017-06-15,0.0036334418056593,-0.0111064789688935
2017-06-16,0.0036169553805414,0.0017167386190545
2017-06-19,0.0033944790181383,0.0042789966872797
2017-06-20,0.0032302948707906,-0.0051369975979164
2017-06-21,0.003050918087637,0.0034275954722674
2017-06-22,0.0030888281067055,0.0110592364939751
2017-06-23,0.0029542764055334,0.0059046987247383
2017-06-26,0.0028435377284005,0.0041963972617654
2017-06-27,0.0030850742303,-0.0041963972617654
2017-06-28,0.0029299616820335,0.0050335676748291
2017-06-29,0.0028050052203525,-0.0092476489216599
2017-06-30,0.0030770392531671,0.0067340321813441
2017-07-03,0.0035230322200503,0.0008385744726209
2017-07-05,0.0033277323332437,-0.0067283685286845
2017-07-06,0.0031976034197596,-0.0033812373718692
2017-07-07,0.0031820835461176,0.0
2017-07-10,0.0030482002115833,0.0008463817686811
2017-07-11,0.0029177308430988,0.0016906174779074
2017-07-12,0.0028002147736243,0.0117549632314436
2017-07-13,0.0032533067443163,-0.0033444847228473
2017-07-14,0.003895320308304,0.0149628726767123
2017-07-17,0.0039178215164744,-0.0033057881344994
2017-07-18,0.0036362674645795,0.0016542600960264
2017-07-19,0.0042639261407767,0.0106864970963857
2017-07-20,0.0044896084762143,-0.0016366615764676
2017-07-21,0.0041259479832633,-0.0016393446294332
2017-07-24,0.0038036571881029,-0.0016420364937442
2017-07-25,0.0036531647448476,0.0032813811231775
2017-07-26,0.0034922617229617,0.0032706488681227
2017-07-27,0.0033023881031321,-0.007374060452715
2017-07-28,0.003943321507153,0.0081900539700444
2017-07-31,0.004061846672013,0.0008153282147547
2017-08-01,0.00383630247777,0.0
2017-08-02,0.0035609818793888,-0.0040833049793707
2017-08-03,0.0034892764605833,0.0016353233407306
2017-08-04,0.0033330467466521,0.0008166599065559
2017-08-07,0.0036189071678871,0.0056980211146377
2017-08-08,0.0034676976859652,0.0008113590708791
2017-08-09,0.0035371665262341,-0.0056933866681876
2017-08-10,0.0033295214389051,-0.0197700014010038
2017-08-11,0.0047645855844774,0.0041511060023786
2017-08-14,0.0044900874664691,0.0066061346771172
2017-08-15,0.0041399280895864,-0.0008233841552052
2017-08-16,0.0039227379666108,0.0016460909066687
2017-08-17,0.0037071158374004,-0.0157483569681391
2017-08-18,0.0054448684266688,0.0074906717291576
2017-08-21,0.0054065591741601,-0.0008295313623753
2017-08-22,0.0049317840239233,0.0057923207045043
2017-08-23,0.0045168983337037,-0.0016515280384729
2017-08-24,0.0041447028662519,0.0033003330286569
2017-08-25,0.0038834818165941,0.0016460909066687
2017-08-28,0.0035970373459977,-0.0008227067514635
2017-08-29,0.0039251867159127,-0.0032976122215566
2017-08-30,0.0036498169199971,-0.0041373662659613
2017-08-31,0.0046464938660476,0.0139977584000417
2017-09-01,0.0057308798995269,0.0
2017-09-05,0.0052301966929947,0.0
2017-09-06,0.0047615370213486,0.0048939738788623
2017-09-07,0.0046557304221051,0.0056795284516013
2017-09-08,0.0042608399240865,0.0
2017-09-11,0.0039162001980169,0.016051709010508
2017-09-12,0.003828038160078,0.0126583968719234
2017-09-13,0.0043462306039887,-0.0063091691932647
2017-09-14,0.0049963813791567,0.0070950238506037
2017-09-15,0.0050747289504506,0.0039200363800735
2017-09-18,0.0046208692093973,0.0015637219761827
2017-09-19,0.0043098539686187,0.0023410077019734
2017-09-20,0.0040046371741502,-0.0023410077019734
2017-09-21,0.0045581891320703,-0.0007815553348202
2017-09-22,0.0048487677427399,-0.0023483376741073
2017-09-25,0.0044737422151109,-0.0126184639592115
2017-09-26,0.0041012901481968,-0.0031796529173795
2017-09-27,0.0037803999191704,0.0118719241613101
2017-09-28,0.0035316383640674,0.0007864727106133
2017-09-29,0.0033944929407911,-0.004728141195946
2017-10-02,0.0055755918922887,0.0117786991926127
2017-10-03,0.0067413012441957,0.0054496047675646
2017-10-04,0.0061059297035823,0.0007760962748884
2017-10-05,0.0055572495345115,0.0007754944165303
2017-10-06,0.0051239996770376,-0.0007754944165303
2017-10-09,0.0048717534507789,-0.0015527953430608
2017-10-10,0.0045180615113044,0.0054242674647192
2017-10-11,0.0042077135386377,0.0
2017-10-12,0.004298459746789,0.0046260683887822
2017-10-13,0.0042258601959026,0.0046047663867483
2017-10-16,0.0040555947842224,-0.0022997327115313
2017-10-17,0.004016647310045,0.003829954892299
2017-10-18,0.0042885245539882,0.0083746207001705
2017-10-19,0.0039623718424416,-0.0160492554532792
2017-10-20,0.0042523980518189,0.0038446798608096
2017-10-23,0.0039135561073776,0.0007671653617531
2017-10-24,0.0036754890936635,-0.0076982674257523
2017-10-25,0.0034202048919247,-0.003095977705128
2017-10-26,0.0032325769059977,0.0007748934909247
2017-10-27,0.0032881570131144,0.0046367934698015
2017-10-30,0.0036351225193701,0.0015408323541556
2017-10-31,0.0034852511460939,0.0030745604542456
2017-11-01,0.0032675312616923,0.0007671653617531
2017-11-02,0.003186372851856,-0.0023032639740929
2017-11-03,0.0030605624199379,0.0015360986123398
2017-11-06,0.0029343356923331,0.0045941887850547
2017-11-07,0.0030134700873668,-0.0061302873973946
2017-11-08,0.0030990167531985,0.0
2017-11-09,0.0036184608742396,-0.0084909811567874
2017-11-10,0.0040284507136472,0.0023228814161397
2017-11-13,0.0037252708741361,-0.0030983758326699
2017-11-14,0.0034636904776608,0.0054158739730326
2017-11-15,0.003720213281441,-0.0093023926623135
2017-11-16,0.0034701275130846,0.0108444130141288
2017-11-17,0.0033070641311983,-0.0046332129214881
2017-11-20,0.0033224520621872,0.0038624999738967
2017-11-21,0.003205595955854,-0.0139753827376012
2017-11-22,0.0100310316506818,0.024711682184857
2017-11-24,0.0119298650262567,-0.0015267178537999
2017-11-27,0.010628454680746,-0.0099808889976798
2017-11-28,0.0095755128203975,0.0115076068514797
2017-11-29,0.008863038013622,-0.0145987994211526
2017-11-30,0.0080430817319907,-0.0007742934959046
2017-12-01,0.0073236762694999,-0.0031031832505158
2017-12-04,0.0072731538465027,-0.0085837436913914
2017-12-05,0.0066257043066125,-0.0229895182246987
2017-12-06,0.0101588011552725,0.0024028846163103
2017-12-07,0.0097918950151689,0.0071742037480004
2017-12-08,0.0087299797823671,0.0063341462767919
2017-12-11,0.0078149931979186,0.008644454616341
2017-12-12,0.0069967634312873,0.0031250025431352
2017-12-13,0.0066641215536651,0.0023373598487047
2017-12-14,0.0061202261772271,0.0046583935173223
2017-12-15,0.0055587116710901,0.0
2017-12-18,0.0050993314168239,-0.005436906596736
2017-12-19,0.0049877615770819,-0.00077911963427
2017-12-20,0.0047189056623325,-0.0023410077019734
2017-12-21,0.0046816335352202,0.0085570339329796
2017-12-22,0.0044009615388954,0.0007742934959046
2017-12-26,0.0040435351991398,0.0007736944293103
2017-12-27,0.0040260679133615,0.0061680997406478
2017-12-28,0.0037389475545757,0.0030698412442884
2017-12-29,0.0036458929709297,0.006872879287762
2018-01-02,0.00402716485308,0.0098448352876516
2018-01-03,0.0037845225157063,0.0037608167681269
2018-01-04,0.004522580798101,0.0037467260016087
2018-01-05,0.0041472037083012,0.0037327404296839
2018-01-08,0.003876691713091,0.0022329745043123
2018-01-09,0.0036985209472316,-0.0052180513477655
2018-01-10,0.0036618885113016,-0.0059970194723742
2018-01-11,0.0037108334785562,0.0164060353871099
2018-01-12,0.00349674425642,0.0051641575482343
2018-01-16,0.0038731785914423,-0.0022099456508027
2018-01-17,0.004065849657589,0.0073475716303945
2018-01-18,0.0043155813376336,-0.0021986084342027
2018-01-19,0.0040766651974831,0.0029304050274167
2018-01-22,0.0037696374908934,0.005107636058345
2018-01-23,0.0035055354888766,-0.0036456474938458
2018-01-24,0.0034060432747698,-0.0021937851577134
2018-01-25,0.0033467575738157,-0.0021986084342027
2018-01-26,0.0033836956169332,0.0014662759225274
2018-01-29,0.003245023382004,-0.0036697288889625
2018-01-30,0.0031968749003766,-0.0029455102297568
2018-01-31,0.0033232651503689,0.0
2018-02-01,0.0031252844442544,-0.0029542118974315
2018-02-02,0.0046864592793457,-0.0277483119910444
2018-02-05,0.0052215435961935,-0.0324603460544584
2018-02-06,0.0056011373910079,0.010160306240158
2018-02-07,0.0059961510747831,-0.0038956029008303
2018-02-08,0.0055598780586047,-0.0285054929979264
2018-02-09,0.0057747103575089,0.0080000426670763
2018-02-12,0.0056188201687671,0.0134548923341832
2018-02-13,0.0050858172058156,0.0078308935805478
2018-02-14,0.0046356977160949,-0.0165163015156958
2018-02-15,0.0128126201988773,0.0449688167523951
2018-02-16,0.0173236886796625,0.0037835837796388
2018-02-20,0.0155480159071776,0.0090226175996375
2018-02-21,0.0142239477011964,-0.0082676156762683
2018-02-22,0.0131844378109436,-0.0022667180086909
2018-02-23,0.0117156926002585,0.0052810383016135
2018-02-26,0.0104888212441007,-0.0007527286768661
2018-02-27,0.0094685635473901,-0.0128838462726793
2018-02-28,0.0088184207861228,-0.0053537412771015
2018-03-01,0.0078936177235215,-0.0100193516399556
2018-03-02,0.0071093332025089,0.0176588081979134
2018-03-05,0.0102821477143583,-0.0114811823739562
2018-03-06,0.010370583959294,0.0076687492393003
2018-03-07,0.0092568376639223,-0.0076687492393003
2018-03-08,0.0083198960203989,0.0091954670931001
2018-03-09,0.0075047724788591,0.0136365749495454
2018-03-12,0.0067368360845911,0.0030052614654635
2018-03-13,0.00605560839663,-0.006019581758386
2018-03-14,0.0057504978877375,0.0067694880552463
2018-03-15,0.0061204885296022,-0.0022514080804573
2018-03-16,0.0056519032407429,-0.0052730818981581
2018-03-19,0.0053860649310873,-0.0007555723819978
2018-03-20,0.0049290665756373,0.0097781899816352
2018-03-21,0.0047190916866377,-0.0052532953833457
2018-03-22,0.00494411081698,-0.0205252359447306
2018-03-23,0.0047528517665186,-0.0131428254391944
2018-03-26,0.0061283603399786,0.0230779472825448
2018-03-27,0.0058261526525989,-0.0160984695510191
2018-03-28,0.0054534277355414,-0.0147920174683193
2018-03-29,0.0054191089811313,0.0101444490717724
2018-04-02,0.0056304029940808,-0.0283483550042552
2018-04-03,0.0079657818248249,0.0134869160543438
2018-04-04,0.0074019756336003,-0.0023668650102661
2018-04-05,0.0069761913743133,0.0180044002350658
2018-04-06,0.0079491040967984,-0.0140627317497333
2018-04-09,0.00828784553461,0.0132866354748449
2018-04-10,0.0077693023388008,0.0184620628397353
2018-04-11,0.0076454305385655,0.0136262517117652
2018-04-12,0.0105842746747824,-0.0205096440909544
2018-04-13,0.0119966425189775,-0.0046153928084011
2018-04-16,0.0119246298440191,0.0076805293077779
2018-04-17,0.01112038114352,0.0106545908981034
2018-04-18,0.0106169620815984,-0.0167942878517258
2018-04-19,0.0130821263656216,0.0167942878517258
2018-04-20,0.0125985093375008,-0.0198783303886873
2018-04-23,0.0120600709533504,0.0046225043788672
2018-04-24,0.0115106543318967,-0.0053950034516593
2018-04-25,0.010855312620929,0.0160984695510192
2018-04-26,0.0129467712201222,-0.0168715658400074
2018-04-27,0.0140938694156307,-0.0030983758326699
2018-04-30,0.013404760541589,-0.0015527953430608
2018-05-01,0.0119450079390761,-0.0070175726586465
2018-05-02,0.0108325713883215,0.0007821666413624
2018-05-03,0.0096635865520466,0.0039016826710638
2018-05-04,0.0088794586388042,-0.001558846769291
2018-05-07,0.0079295325771666,0.0276940775818372
2018-05-08,0.0110105690806268,-0.0308190801249724
2018-05-09,0.0128279093597208,0.0062402698600846
2018-05-10,0.0114208397642595,0.0238197969457164
2018-05-11,0.0118626918709452,-0.006857169726137
2018-05-14,0.0108514547905586,0.0076161830453085
2018-05-15,0.0096992353079224,-0.019150336290595
2018-05-16,0.0097417894838412,0.0023174981403627
2018-05-17,0.0086888918295897,0.0107445392829771
2018-05-18,0.0079703291951281,-0.0084323995245976
2018-05-21,0.0071547349698799,0.0069045153465444
2018-05-22,0.0066454240074351,-0.0061349885675159
2018-05-23,0.0061834811539042,-0.0069471526029856
2018-05-24,0.0056493538954866,0.0123173227775794
2018-05-25,0.0082899120189417,-0.0146438069599229
2018-05-29,0.0079270312369084,-0.0054496047675647
2018-05-30,0.0071948981839628,0.0007803355838811
2018-05-31,0.006536088830004,0.0093168375802305
2018-06-01,0.0067750279413244,-0.0062015702632811
2018-06-04,0.0062903107088052,-0.0093750686654559
2018-06-05,0.0057291558218236,-0.0031446566794717
2018-06-06,0.0052926780909288,-0.0047356047458341
2018-06-07,0.0062135927945883,0.0070950238506037
2018-06-08,0.0065695802096519,-0.0142407469915222
2018-06-11,0.0064538112320101,0.0173780044666548
2018-06-12,0.0076542889086336,0.0062451412967808
2018-06-13,0.0073341528935487,-0.0148963946251986
2018-06-14,0.0090571486717743,-0.007134394113874
2018-06-15,0.0082457749108473,0.0047619137602437
2018-06-18,0.0098495164898436,-0.0127491766704546
2018-06-19,0.0089246864155241,-0.0301203070892497
2018-06-20,0.0101325340060763,0.0074104908904847
2018-06-21,0.0090298457215608,-0.011551283556516
2018-06-22,0.0082915956442665,0.0294379392798517
2018-06-25,0.0129984162150882,-0.0335959494285155
2018-06-26,0.0137991587471785,0.0
2018-06-27,0.0122593940250724,-0.0168071183163811
2018-06-28,0.0114567428914938,-0.005949868806235
2018-06-29,0.0101953714897298,0.007643349312568
2018-07-02,0.0091815594510466,-0.007643349312568
2018-07-03,0.0082066888282355,0.0017035779247838
2018-07-05,0.0073892360322632,0.0
2018-07-06,0.0066320673893386,0.0126851595273158
2018-07-09,0.006051474413192,0.0125262598191802
2018-07-10,0.0054670946145968,0.0057923207045043
2018-07-11,0.0056522566376591,-0.0208427720195917
2018-07-12,0.0066623815974455,0.0108924411664237
2018-07-13,0.0060846468094525,-0.0100503358535013
2018-07-16,0.0060417156750815,0.0083822787528044
2018-07-17,0.0060564150629978,-0.0092243840657266
2018-07-18,0.0056955905906034,0.0092243840657267
2018-07-19,0.005712987491074,-0.0025073143097837
2018-07-20,0.0051822717204117,0.0
2018-07-23,0.0047078249959855,-0.0126317469059004
2018-07-24,0.0055359880617548,0.0168071183163811
2018-07-25,0.0056385950016112,-0.0075282664207915
2018-07-26,0.0065184525134702,0.0174785972739595
2018-07-27,0.0070451952617982,0.002472189145389
2018-07-30,0.0073573621263634,-0.0057779772798885
2018-07-31,0.0066245504694942,-0.0008281573972287
2018-08-01,0.0063817623158954,0.0066061346771172
2018-08-02,0.0061565371893584,-0.0057779772798885
2018-08-03,0.005804890666755,-0.0099834439841831
2018-08-06,0.0065432978821174,-0.0083963549529063
2018-08-07,0.0067098233097175,0.0142321364170081
2018-08-08,0.0061829218143617,0.0
2018-08-09,0.0058414434939301,-0.0024968801985871
2018-08-10,0.0053613055216716,-0.0041753714104807
2018-08-13,0.0055492610089624,-0.0168780377873516
2018-08-14,0.0052428209464279,-0.0068317942917033
2018-08-15,0.0055036633133731,0.0034217313111615
2018-08-16,0.0091801738434628,-0.0111637054647768
2018-08-17,0.0105431980307703,0.0043084943857239
2018-08-20,0.0093940683222482,-0.001721170820773
2018-08-21,0.0092921302187731,0.02046107187134
2018-08-22,0.008585596601806,-0.0050761530318606
2018-08-23,0.0078168494295451,0.0076045993852194
2018-08-24,0.0088106209924163,0.0083822787528044
2018-08-27,0.0078702992126189,-0.0050209310500996
2018-08-28,0.0094896319630936,0.0100167782434712
2018-08-29,0.0096571018204479,0.0
2018-08-30,0.008641153975961,-0.0091782037708501
2018-08-31,0.0078915812764243,0.0025115124126609
2018-09-04,0.0070985711392243,-0.0050293484050019
2018-09-05,0.0064515295654673,-0.0067453881395315
2018-09-06,0.0058116206818197,0.0075853713892565
2018-09-07,0.0074426793016052,-0.0177895415634984
2018-09-10,0.0081483427247229,0.0
2018-09-11,0.0074461212566163,0.0
2018-09-12,0.0066799588235113,0.0
2018-09-13,0.0060282491874226,0.0093577884055606
2018-09-14,0.006146948511515,0.0
2018-09-17,0.0062595653647174,0.0075917699082126
2018-09-18,0.0067102651060406,0.0067001925698195
2018-09-19,0.0060715087573761,0.0058260672493606
2018-09-20,0.0055217886236901,0.0041407926660313
2018-09-21,0.005635005176407,0.0049464239353256
2018-09-24,0.0050988536103214,-0.0024701535820621
2018-09-25,0.0054888390649241,-0.0008247423147904
2018-09-26,0.0053317292614942,-0.0116183879538649
2018-09-27,0.0053334815690033,-0.0025073143097837
2018-09-28,0.0048755631749124,0.0025073143097837
2018-10-01,0.0049280432384613,-0.0067001925698195
2018-10-02,0.0056522488768509,0.0
2018-10-03,0.00513483282888,-0.0084388686458645
2018-10-04,0.0047183185612516,-0.0214140945038164
2018-10-05,0.0046988172749927,-0.0174676930403909
2018-10-08,0.0045761611768043,-0.0044150182091167
2018-10-09,0.004331548691419,0.0
2018-10-10,0.0042309781241892,-0.0332914235298478
2018-10-11,0.004390807730381,-0.0082683061769469
2018-10-12,0.0040515431077994,0.0128324400698845
2018-10-15,0.0038702824812503,0.0027285146532039
2018-10-16,0.0035896093335658,0.0251134274269819
2018-10-17,0.0033597863817095,-0.007111141077502
2018-10-18,0.0031569468080131,-0.007162071796615
2018-10-19,0.0031527916041782,-0.0108402145528649
2018-10-22,0.0039386296149576,0.0018148825308225
2018-10-23,0.0036547459850599,-0.0127738963205418
2018-10-24,0.0038019391512251,-0.0269909358268477
2018-10-25,0.0037624226752193,0.0186921330121525
2018-10-26,0.003540305522083,-0.0139862419747399
2018-10-29,0.00330673643021,-0.0141846349919564
2018-10-30,0.0068187771488606,0.0225998319172409
2018-10-31,0.0074823831664949,0.0175362131077285
2018-11-01,0.0067523326838618,0.0217203108926622
2018-11-02,0.0065095804197248,-0.0017921151749815
2018-11-05,0.0061899034719675,0.0133632278121671
2018-11-06,0.0059839902734158,0.0061755820441496
2018-11-07,0.005575394040858,0.0096280831289757
2018-11-08,0.0066582772325118,0.0095362664602399
2018-11-09,0.0096644006558411,-0.0297745287012312
2018-11-12,0.0113401540341672,0.0070859463894857
2018-11-13,0.0134433045408478,-0.0097561749453646
2018-11-14,0.0131552598968462,0.0185435777121688
2018-11-15,0.0156674913321491,-0.0158733491562901
2018-11-16,0.015559358544074,-0.0197492953850181
2018-11-19,0.0179851429756399,0.0117171236877538
2018-11-20,0.0163828442225936,-0.0108109161042157
2018-11-21,0.0154005025505902,0.0108109161042156
2018-11-23,0.0137987028263729,0.0026845653706689
2018-11-26,0.0132804247588962,-0.0345488906727168
2018-11-27,0.0238413961519325,0.0522641458079739
2018-11-28,0.0259937532749945,0.0182693206532282
2018-11-29,0.0231517481577515,-0.0262023723940239
2018-11-30,0.0224043903109082,0.0236128154872902
2018-12-03,0.0222894417117231,0.0103182342783917
2018-12-04,0.0197545769306764,-0.0233675712561128
2018-12-06,0.0175364176492242,-0.0123349581579513
2018-12-07,0.0155857205654967,0.0008861320916577
2018-12-10,0.0145504960974828,-0.0169722698432821
2018-12-11,0.0135776618073978,0.0018001805041478
2018-12-12,0.0121051422670207,-0.0126698527410516
2018-12-13,0.0143250750836187,0.0036363676433837
2018-12-14,0.0127211582171859,0.0027186242389934
2018-12-17,0.0139813645086642,-0.0081781464438923
2018-12-18,0.0139666650286698,-0.0054894922847714
2018-12-19,0.0124469065794827,-0.0269658366092063
2018-12-20,0.0139325252163394,0.0018832397279648
2018-12-21,0.0138028795296226,-0.0199531560286357
2018-12-24,0.0123864752090515,-0.0391439406685021
2018-12-26,0.0124919670032997,-0.0273158106469628
2018-12-27,0.0312847450918262,0.0470792997658027
2018-12-28,0.0352922916871836,0.0039062549670649
2018-12-31,0.0312510131609524,0.0154741965825973
2019-01-02,0.0280947477639681,-0.0077071672449377
2019-01-03,0.0248915939831287,0.0019323677510538
2019-01-04,0.0227866736265739,0.016276089314547
2019-01-07,0.0214898460904269,0.0141445073861647
2019-01-08,0.0190778436665811,0.0018709079358116
2019-01-09,0.0169178007584142,0.0249205328192784
2019-01-10,0.0159953987400175,0.0027309985112315
2019-01-11,0.0141958491301473,0.0027235604670405
2019-01-14,0.0126130432930199,0.0
2019-01-15,0.0119324673088228,-0.0045433971840264
2019-01-16,0.0110633948422855,0.0045433971840263
2019-01-17,0.010116205823213,0.0090253320220424
2019-01-18,0.0094138163407251,0.0008980692116844
2019-01-22,0.0085037505646268,-0.0126469617007674
2019-01-23,0.0080818779319916,0.0063434739221749
2019-01-24,0.007231939852361,0.0214485434074836
2019-01-25,0.0073984526278826,0.0131754211585645
2019-01-28,0.0068820533538993,-0.0043725474126093
2019-01-29,0.0062991012683953,0.0043725474126093
2019-01-30,0.0058992933417559,0.0104167608582555
2019-01-31,0.0054047269544385,0.0111637054647767
2019-02-01,0.0049226646444687,-0.001709402125649
2019-02-04,0.0044905606726369,0.0085179390653024
2019-02-05,0.0043508626666094,0.0042319149065801
2019-02-06,0.0040303409968793,0.0016877641137198
2019-02-07,0.0038407481685548,-0.0101695791696289
2019-02-08,0.0035612004732873,-0.0059803681014858
2019-02-11,0.0034183924387387,-0.0008572653761182
2019-02-12,0.0035552483724266,0.0119353505492728
2019-02-13,0.0034050156692885,0.0084388686458646
2019-02-14,0.0031935810848445,0.0041928782600359
2019-02-15,0.0030746258146545,-0.0008371704130636
2019-02-19,0.0031855534418124,0.0108289271449842
2019-02-20,0.0030479769930863,0.0041339455317281
2019-02-21,0.0030214377861556,0.0032948958968527
2019-02-22,0.0030095341194706,0.0163135754915237
2019-02-25,0.0030370465396502,0.0064516352814885
2019-02-26,0.0030508078422532,0.0024086723809117
2019-02-27,0.0035500125524282,-0.0040176831866124
2019-02-28,0.0035269452859772,-0.0056520134313465
2019-03-01,0.0033021115617994,0.0008093889555584
2019-03-04,0.0034063644716899,0.0
2019-03-05,0.0032044466101495,0.0048426244757879
2019-03-06,0.004023623918902,-0.0178721247661219
2019-03-07,0.0039960627559653,-0.0165293019512104
2019-03-08,0.0043728790588117,-0.0092089390853098
2019-03-11,0.0040350096685456,0.0183338468623103
2019-03-12,0.003780885847155,0.004942349434435
2019-03-13,0.0035232872478977,0.0057353700847443
2019-03-14,0.003442264815384,-0.0049140148024291
2019-03-15,0.0032245531972809,-0.0008213552823151
2019-03-18,0.0035027956254671,0.0049180426996452
2019-03-19,0.00337491175828,-0.0008179959556316
2019-03-20,0.0033222742655485,0.003267976764616
2019-03-21,0.0038083124130543,-0.0016326534238853
2019-03-22,0.0035344596422341,-0.0239779987066603
2019-03-25,0.0034236753148312,-0.0058749644430206
2019-03-26,0.003330845290763,-0.0016849203649196
2019-03-27,0.0035076547346579,0.0042069897976293
2019-03-28,0.0032934097471595,-0.0008399832497249
2019-03-29,0.003402640065198,0.005865119452398
2019-04-01,0.0031927696309283,0.0124534610712865
2019-04-02,0.0030345800139665,0.0057589628520116
2019-04-03,0.0029328723079729,0.0097959967031821
2019-04-04,0.0028045800812673,0.0008120179090114
2019-04-05,0.0028019539720012,0.0064725145056175
2019-04-08,0.0027669565071235,0.0024164329116285
2019-04-09,0.0026698241930369,-0.005647453493075
2019-04-10,0.0026074103096505,0.0088603076624004
2019-04-11,0.0028474011908443,-0.0096696966179589
2019-04-12,0.0029137712543215,0.003233632567065
2019-04-15,0.0029244796312226,0.0024183808642816
2019-04-16,0.0028659309836118,0.0032154368539743
2019-04-17,0.0027494188725282,0.0064000218454675
2019-04-18,0.0027744981855664,-0.0039952110672882
2019-04-22,0.0029830668012645,-0.0008009611962046
2019-04-23,0.0029819395823192,0.0032000027306708
2019-04-24,0.0028494840288963,-0.0048038523126452
2019-04-25,0.0028572926160699,-0.005633817718256
2019-04-26,0.0027511021164922,0.0008067769699401
2019-04-29,0.0026597892176383,0.0008061266055245
2019-04-30,0.0025962235876482,0.0008054772888168
2019-05-01,0.002554832248704,-0.0040338901009361
2019-05-02,0.0028937577028529,-0.006488262826453
2019-05-03,0.0028485235216446,0.0145398361140017
2019-05-06,0.0030303198629358,-0.018616482607765
2019-05-07,0.0032796058707988,0.005702663112182
2019-05-08,0.0035281786234526,-0.0048860032056262
2019-05-09,0.0037980520067598,-0.0114943794257351
2019-05-10,0.0037130997037014,0.0065843859281792
2019-05-13,0.0036803931491384,-0.0308229315152279
2019-05-14,0.0042242477179833,0.0092632241318725
2019-05-15,0.0039059488712944,0.0108379551892147
2019-05-16,0.0036297068171068,0.0057875316569194
2019-05-17,0.003750002090333,-0.0132782033860769
2019-05-20,0.0034966628761928,-0.0143039880982626
2019-05-21,0.0034887408454323,0.0168071183163811
2019-05-22,0.0032773922571773,-0.0016680571006969
2019-05-23,0.0031242430348966,-0.0176846714151179
2019-05-24,0.0030880696952065,0.0109844788452985
2019-05-28,0.0030145568232033,0.000839983249725
2019-05-29,0.0033606496078346,-0.0092788518955895
2019-05-30,0.0035950661488611,0.0033840979842404
2019-05-31,0.0033794991386289,-0.0067796869853788
2019-06-03,0.0031724632395844,0.0076239251106593
2019-06-04,0.0030698547464356,0.0134117685107519
2019-06-05,0.003590031138896,0.0024948037887826
2019-06-06,0.0034455964231352,-0.0033277900926745
2019-06-07,0.0033297472692273,0.0124225199985571
2019-06-10,0.0031315683091954,0.0049261183360557
2019-06-11,0.0029741865641249,0.0049019706002066
2019-06-12,0.0029025423675725,-0.0090053821847991
2019-06-13,0.0027929825753592,0.0090053821847991
2019-06-14,0.0028757345534036,-0.0065413152296399
2019-06-17,0.0029481227009061,-0.0016420364937442
2019-06-18,0.0028353659924051,0.0154915450301088
2019-06-19,0.0036158919462631,0.0072551708811717
2019-06-20,0.0033822462928116,0.010387628361578
2019-06-21,0.0032484478883061,-0.0031847160675199
2019-06-24,0.0033669037589241,-0.0055977755128294
2019-06-25,0.0033373281731408,-0.0096696966179589
2019-06-26,0.003665826261636,0.0040404095370051
2019-06-27,0.0035212488455293,0.0096308930609611
2019-06-28,0.0032921886783902,0.0023932999058404
2019-07-01,0.0031024817667397,0.0079365495957363
2019-07-02,0.0029906470390229,0.003157066552767
2019-07-03,0.0029085004729122,0.0062843883181516
2019-07-05,0.0030089058990538,-0.0054966765799023
2019-07-08,0.0033733510324401,-0.0039447782910162
2019-07-09,0.0032831356219042,-0.0031670651967011
2019-07-10,0.0030918636864768,0.0078989352245346
2019-07-11,0.0030097676238028,-0.0047318700278334
2019-07-12,0.0029179838919036,0.0015797791595184
2019-07-15,0.0027904717665713,-0.0023706056143362
2019-07-16,0.0027845280945366,-0.0007914523563116
2019-07-17,0.0028096618886649,-0.0023781224049675
2019-07-18,0.0027381672652411,0.0007933360193958
2019-07-19,0.0039005471311023,0.0015847863855717
2019-07-22,0.0042789392568038,-0.0015847863855716
2019-07-23,0.0039316916803331,0.0007927071362389
2019-07-24,0.0037300334563096,0.0039541372199806
2019-07-25,0.0034668596148172,-0.0135083500247921
2019-07-26,0.0039367815663826,0.003194890896519
2019-07-29,0.0038931488363174,0.0007971303730182
2019-07-30,0.0036081394240473,-0.0071971522184857
2019-07-31,0.0037657485550031,0.0016038495819743
2019-08-01,0.0039349027231671,-0.002406740030565
2019-08-02,0.004157952882738,-0.0008035355996832
2019-08-05,0.0053016706365594,-0.036010437523033
2019-08-06,0.0048221228567433,0.0124225199985571
2019-08-07,0.0047841027908994,0.0098280889362624
2019-08-08,0.0046569711638951,0.0137598285882133
2019-08-09,0.0042713060171901,-0.0096931292056595
2019-08-12,0.0050656166095788,-0.0114286958236228
2019-08-13,0.0063319624178961,-0.0032894766503986
2019-08-14,0.0067785022125005,-0.0275591554220812
2019-08-15,0.0067240938946231,-0.0025434519858303
2019-08-16,0.0061031946027549,0.011814483413763
2019-08-19,0.0055848210075297,0.0125053734722365
2019-08-20,0.0051470691454032,0.0033085224555607
2019-08-21,0.0047439558401851,0.0065843859281792
2019-08-22,0.0044808755744127,-0.0065843859281792
2019-08-23,0.0041053923186535,-0.0225479281091412
2019-08-26,0.0043470277974281,0.00924764892166
2019-08-27,0.0040117803722833,0.0
2019-08-28,0.0037518749494425,0.0016722411923621
2019-08-29,0.0034852649534839,0.0074906717291576
2019-08-30,0.0039327153578917,0.0016570012076293
2019-09-03,0.0040193188342346,-0.0008281573972287
2019-09-04,0.0039321779376014,0.0107129166297707
2019-09-05,0.0039145126854992,0.0065359709797854
2019-09-06,0.0038014004859499,-0.001629992210931
2019-09-09,0.0036393163909086,0.0
2019-09-10,0.0034728754705489,0.0
2019-09-11,0.0032511572603189,0.0097403367483848
2019-09-12,0.0031306394029868,0.0048348200545833
2019-09-13,0.0034926837168509,0.004011236826453
2019-09-16,0.003396159573739,0.0031974447704905
2019-09-17,0.0032402494559519,0.0047770791482789
2019-09-18,0.0031694254931946,0.0023800090568113
2019-09-19,0.0030066273455045,0.0039541372199806
2019-09-20,0.0029319317600275,-0.0015797791595183
2019-09-23,0.0028581348530923,-0.0047543671172735
2019-09-24,0.0028965402624092,-0.012789942533636
2019-09-25,0.0033162404339245,-0.005647453493075
2019-09-26,0.00315261259937,-0.0064935293105483
2019-09-27,0.0030001757091898,-0.0122901997630375
2019-09-30,0.0035405679553286,0.0032921840434768
2019-10-01,0.0041672182652603,-0.0107394671187608
2019-10-02,0.0040101632735497,-0.0100167782434712
2019-10-03,0.0037062222592267,0.0058553074022191
2019-10-04,0.0037017909338577,0.0165429744537572
2019-10-07,0.0041064526431989,-0.0065843859281792
2019-10-08,0.003903095947799,-0.0066280275784133
2019-10-09,0.0036148745481852,0.0049751346401139
2019-10-10,0.0034004328105612,0.0090572871125095
2019-10-11,0.0031989286897267,0.0097880063661629
2019-10-14,0.0033730502773186,-0.0065146810211937
2019-10-15,0.0036803675154332,0.0089467859898061
2019-10-16,0.0036698113757612,0.0
2019-10-17,0.0034159968727565,0.0040404095370051
2019-10-18,0.0032832172653293,0.0048270407483159
2019-10-21,0.0032295717575418,0.0040048111195124
2019-10-22,0.0030664951393686,-0.0040048111195125
2019-10-23,0.0029155656431022,0.0040048111195124
2019-10-24,0.0027920293378764,0.0047846981233362
2019-10-25,0.0026877193259522,-0.0007958615621034
2019-10-28,0.0026035084332149,0.0079302556759775
2019-10-29,0.0027052196058597,-0.0023724803536303
2019-10-30,0.0027839300752802,-0.0007920792493327
2019-10-31,0.0031595854033521,-0.0047656960730143
2019-11-01,0.0041644461533251,0.0095087879690271
2019-11-04,0.0041737747004747,0.0039354635602352
2019-11-05,0.0038457767674992,0.0054837583562562
2019-11-06,0.0035640095978388,-0.0007815553348202
2019-11-07,0.0035813170781683,0.0015625003178916
2019-11-08,0.0033583064111555,0.0023391823531722
2019-11-11,0.0032037308484855,0.0031104224143925
2019-11-12,0.0030355619969683,0.0023264841823435
2019-11-13,0.0029416190023582,-0.0023264841823435
2019-11-14,0.0030308148859827,0.0046475683965468
2019-11-15,0.0028990539895175,0.0092308347755305
2019-11-18,0.0028003745932657,0.0015302221807675
2019-11-19,0.0028041944565036,-0.0030627895305457
2019-11-20,0.0027000312183101,-0.0030721990369701
2019-11-21,0.0026573575351331,-0.00385356931599
2019-11-22,0.0026021271225817,0.0038535693159899
2019-11-25,0.0025701880889429,0.0122325684356344
2019-11-26,0.0026694692851759,0.0
2019-11-27,0.0026723196086583,0.0060606246116909
2019-11-29,0.0026187252062317,-0.004542021434501
2019-12-02,0.0025553242338851,-0.0030395160178965
2019-12-03,0.0033383936348093,0.0030395160178965
2019-12-04,0.0032055734652177,0.0113166051162562
2019-12-05,0.004845492523449,-0.0030052614654634
2019-12-06,0.0045227716007074,0.0089888245684332
2019-12-09,0.0041587739304946,-0.0014925375905059
2019-12-10,0.0038638482736164,0.0029828508320649
2019-12-11,0.0035809375909773,0.0059391414369611
2019-12-12,0.0035829051109407,0.0110417021705365
2019-12-13,0.0037791118230801,0.0014630580517603
2019-12-16,0.0045911314390708,0.014514042884254
2019-12-17,0.0044420386542058,0.0086083745366001
2019-12-18,0.0040996524004953,-0.0014295928095944
2019-12-19,0.003778966308074,0.0
2019-12-20,0.0035161579438909,0.0071276139242321
2019-12-23,0.0033357502725303,-0.0035574566155268
2019-12-24,0.0031524416148184,0.0007125044832955
2019-12-26,0.0032019260046273,0.0078042254915816
2019-12-27,0.0035368769256956,0.000706464176327
2019-12-30,0.0035380609838317,0.005633817718256
